N,V,t1_mean,t2_mean,t1_std,t2_std
9,1,0.0024,0.00078,0.00536,0.003221
