N,V,k_numeric,Cost_mean,SR_mean,Cost_rel_mean,SR_rel_mean,Cost_std,SR_std,Cost_rel_std,SR_rel_std
9,1,0,2.989471,81.815284,0.0,0.0,1.413623,12.233975,0.0,0.0
9,1,10,2.721302,83.663778,-0.268169,1.848494,1.713147,12.607028,0.299524,0.373053
9,1,20,2.702776,83.44132,-0.286695,1.626036,1.429896,12.552498,0.016273,0.318523
9,1,50,2.555978,84.341986,-0.433493,2.526702,1.46794,12.486321,0.054316,0.252346
9,1,51,2.749454,84.06993,-0.240016,2.254647,1.628893,12.140307,0.21527,0.093668
